,load_node_130,load_node_133,load_node_134,load_node_143,load_node_16,load_node_145,load_node_21,load_node_153,load_node_154,load_node_156,load_node_159,load_node_160,load_node_162,load_node_167,load_node_43,load_node_52,load_node_181,load_node_182,load_node_184,load_node_186,load_node_60,load_node_63,load_node_64,load_node_66,load_node_68,load_node_69,load_node_197,load_node_73,load_node_77,load_node_208,load_node_210,load_node_211,load_node_82,load_node_98,load_node_111,load_node_121,export_node_162,export_node_130,export_node_68,export_node_100,export_node_6,export_node_98,export_node_137,export_node_170,export_node_172,export_node_108,export_node_111,export_node_144,export_node_112,export_node_146,export_node_19,export_node_85,export_node_154,export_node_59,export_node_124,export_node_127,renew_node_132,renew_node_140,renew_node_143,renew_node_17,renew_node_148,renew_node_150,renew_node_24,renew_node_153,renew_node_154,renew_node_155,renew_node_25,renew_node_159,renew_node_168,renew_node_41,renew_node_171,renew_node_175,renew_node_185,renew_node_190,renew_node_202,renew_node_212,renew_node_86,renew_node_88,renew_node_93,renew_node_95,renew_node_97,renew_node_99,renew_node_111,renew_node_121,renew_node_123,prod_gen_2,prod_gen_4,prod_gen_5,prod_gen_7,prod_gen_9,prod_gen_10,prod_gen_12,prod_gen_13,prod_gen_15,prod_gen_16,prod_gen_17,prod_gen_18,prod_gen_19,prod_gen_20,prod_gen_21,prod_gen_22,prod_gen_23,prod_gen_25,prod_gen_27,prod_gen_29,prod_gen_30,prod_gen_31,prod_gen_32,prod_gen_33,prod_gen_34,prod_gen_35,prod_gen_37,prod_gen_38,prod_gen_39,prod_gen_40,prod_gen_41,prod_gen_42,prod_gen_44,prod_gen_50,prod_gen_51
7,-1.9203434610558832,-1.9206923108753846,-1.920293662879521,-1.9203460289090313,-1.6197521425201136,-1.9203423862523712,-1.6197512158838037,-1.9236792554864606,-1.920343850562392,-1.9203439149148336,-1.9203430586429235,-1.920342365788463,-1.9203427570831095,-1.9203433360327384,-1.9203440863365366,-1.9203418468927687,-1.9203357084948236,-1.9203427677245244,-1.9203290768728059,-1.9203490535591337,-1.920358227781084,-1.920319948104949,-1.9203568960933046,-1.4298011119002165,-1.920348028520265,-1.920335162861413,-1.9203437195850486,-1.920345628701421,-1.9203362966431674,-1.9203458026117297,-1.9203438667662978,-1.9203406730850485,-1.920338045532713,-1.9209972538578668,-1.920343668938261,-1.9203445474020306,-1.0461244885251502,-0.03303077710159277,-0.24962196830392114,-0.4333320682973389,1.8255025524557862,-0.7510180940861101,0.41097210140665114,1.382612012418425,0.5045326359167532,-0.5207070321173906,1.8118813040616861,-1.326166562651029,-0.8086417088352628,1.638025112788841,-1.1020849020470402,-0.6162845221997018,1.8671489464157118,-0.061098376371777036,0.9059528554658508,1.4843419947295058,-0.18669072203927328,-0.7903820617663866,-0.3905741935771606,-1.126014428684911,-0.9484759722865963,-0.4586507851179428,-1.1587533425764613,-1.0211781347742026,-0.8094312626535906,-1.0559113507971598,1.7820934452910528,-0.4407761018736997,-0.9776285660075534,-0.09723375291958007,-0.9205296090781896,-0.5548506615095051,-0.6243111250185589,-1.037599913106834,-1.075074824393141,-0.922333877917938,-0.6782928254899859,-0.4371432499823737,-0.6501817496245186,-0.8438147202450836,-0.8429204645788316,-0.9475389694139941,-0.8848492518202523,0.8914065792551054,-0.8661996257306287,-0.16452096986490258,1.3511512693053915,1.4114655460462024,1.37474376921105,0.4084253876403652,-1.3439674642266355,-0.40849572438374737,1.3692846708251454,1.322269033130932,-0.49860837223741494,-0.19931607973773183,-0.032834559685615765,-0.1879044329665669,-0.10552609357352845,-0.13548854020394835,1.326189575376579,1.3619507719429638,1.3398370518016394,1.3684374464591602,1.3779974842806084,-0.5931442865800403,1.3802220788739974,1.3163961322491806,-0.6241048362943007,1.3716647274333336,-0.31202129753648256,1.3775501790676736,1.3543786788474639,1.3829905475885778,1.4002259100156491,-0.6929853665398619,-0.09181198433291365,-0.1320575161214907,-0.015474919183204585,0.9110766712081195
48,-0.8564487766820345,-0.6314068459083656,-0.8563525252663533,-0.8564433718432346,0.3615938063990293,-0.8564466713198231,0.3615925884994042,-0.7839654564469573,-0.8564469611827519,-0.8564473746645224,-0.8564469194733935,-0.8564493697157902,-0.8564425791929468,-0.8564412657303125,-0.8564522562746748,-0.8564524840096271,-0.8564674500575956,-0.8564418191272233,-0.8564295073058763,-0.8564511658120803,-0.8564310402658268,-0.8564602969576203,-0.8564361478828487,-0.2067345266774954,-0.8564521347315698,-0.8564401879712134,-0.8564473231532751,-0.8564457323921211,-0.8564600020510289,-0.856448295210269,-0.8564466714934051,-0.8564440926911191,-0.8564506677588518,-0.8463150827896441,-0.8564470052115652,-0.8564460470479642,1.0341383077058945,0.3181699829541784,-0.2887435970042144,0.8146390739684594,-1.3314894225887464,-0.5573735030547449,0.8889265577755678,0.857782331269893,0.7040148690241782,-0.07459045677222469,0.801826067593776,0.8443641318182324,-0.7215381926998125,1.2620560273704644,0.5383165057037123,-0.6714479771694695,0.7790255752429801,-0.5963498430673211,0.8820708474429553,-0.8023041594495828,-0.2981150212146283,-0.6055494181210754,-0.41379139933409187,-1.1192198974820549,0.2784258310281857,1.2981595791486173,-1.0814936564769746,-0.9933664837894124,-0.8621567634923502,-0.8731144229068083,1.4043761115476998,0.6521317521980119,-0.7355641099220962,-0.40298785247942887,-0.9903611992102483,-0.4863543565792087,0.4914972578953962,-1.0652334044235143,-0.9215522968309507,-0.8788296560623798,1.4856921339438676,-0.6375082014705309,-0.4013005577669513,-0.4459435233176325,-0.7831393156372818,-0.6554223120378299,-0.42195515117368876,1.3530921244376972,0.37257347917022965,-0.16452096986490258,-0.7543209482909876,-0.7495576004505492,1.37474376921105,0.8789768413020076,0.7478998488111308,-0.40849572438374737,-0.7414393774315349,-0.7715712291468905,2.05837936498221,-0.19931607973773183,-0.032834559685615765,-0.1879044329665669,-0.10552609357352845,-0.13548854020394835,-0.7747833607967989,-0.07200526931353089,-0.7821786983045267,-0.748962143077569,-0.7391438282321626,-0.5931442865800403,-0.6717402843881278,-0.7728051558481285,-0.6241048362943007,1.3716647274333336,-0.31202129753648256,-0.7381155026357609,-0.7504278074146985,-0.7374676699015743,-0.7259014145870262,1.155965751843412,-0.09181198433291365,-0.1320575161214907,-0.015474919183204585,0.9110766712081195
52,-1.2481180267212817,-1.2146798576073898,-1.2480034454985893,-1.2481128631267806,-0.8907263320017503,-1.2481121648546658,-0.8907293849187339,-1.2392211561837307,-1.2481113255902914,-1.2481099815034056,-1.2481123627976367,-1.2481100759305397,-1.2481092380664711,-1.2481123619814745,-1.2481152466572332,-1.248115457479834,-1.2481337852240677,-1.2481151465269584,-1.2480983549379963,-1.2481077653158092,-1.24808813847622,-1.248109503440031,-1.2481236813912624,-0.6177123426291854,-1.2481165423232239,-1.2481027148593045,-1.2481112495258533,-1.2481121219000022,-1.2481164246885466,-1.2481096948726143,-1.2481116802131793,-1.2481134549041737,-1.2481137458859164,-1.2469732902558552,-1.2481112510870938,-1.2481100304040014,0.763894812248828,0.6887681809381447,-0.2632581505048404,0.25636139141748066,-0.25596637663198973,-0.4476477880191731,-0.29273497980562296,1.317928297272009,0.9172594154466707,-0.48813405688198724,1.1668822170110107,0.5734100579051883,-0.6184568102799217,1.237975628529467,0.6074661673106878,-0.6680762992888273,1.1976938313014511,-0.40078811851772417,0.8933089799100501,-0.7762611285366521,0.03333220281279317,-0.6785615999446017,0.6942497727770173,-1.1407359238388417,-0.8293889345366553,0.6841906326345645,-1.101790694232288,-1.0035414750454572,-0.6739559608006424,-1.0334363148365608,1.9949595657447692,0.4818068722442439,-0.6437890361216481,-0.42242887559262743,-0.9851884868426282,-0.2668641539252524,0.0182266003566153,-1.1218820616227092,-0.8339192666275907,-0.47475659504683737,0.5879691068815184,-0.28848538245550465,-0.598217546756634,-0.7589990648332611,-0.8542426611126486,-0.8187861316246402,-0.6332846895132899,1.5032892721841034,-0.2605772171947525,-0.16452096986490258,-0.7543209482909876,-0.7495576004505492,-0.7664589468935892,-0.29297841638034244,0.7478998488111308,-0.40849572438374737,-0.7414393774315349,-0.7715712291468905,1.8084181778605883,-0.19931607973773183,-0.032834559685615765,-0.1879044329665669,-0.10552609357352845,-0.13548854020394835,-0.7747833607967989,-0.7734871888499238,-0.7821786983045267,-0.748962143077569,-0.7391438282321626,-0.5931442865800403,-0.7450162304925078,-0.7728051558481285,-0.6241048362943007,-0.7458590443463046,-0.31202129753648256,-0.7381155026357609,-0.7504278074146985,-0.7374676699015743,-0.7259014145870262,1.4760642571126914,-0.09181198433291365,-0.1320575161214907,-0.015474919183204585,0.9110766712081195
57,1.234785254777516,1.2692766345761395,1.234685375057256,1.2347835132346556,1.2064596585207017,1.234785347071648,1.2064621299980458,1.2481905506649162,1.2347859415585356,1.2347861983063118,1.2347866539808963,1.2347839092386355,1.234785211263684,1.234793942015341,1.2347880465170997,1.2347868317253943,1.2347623479751766,1.2347824772701528,1.234781084608162,1.2347874115844952,1.2347674483850948,1.234799622350423,1.2347894167751874,1.451358141844575,1.2347806097009326,1.2347888280984303,1.2347864284247683,1.234785915228095,1.2347822426500883,1.23478429714921,1.2347858240585652,1.2347866606172617,1.2347832457016161,1.2367902703193745,1.2347857795664723,1.2347863441715046,1.0803092024615697,-0.43767913168014994,-0.3177599868699756,-0.8033280728965134,-1.0654308317019439,-0.3387589161758644,0.8988229528838743,-1.13223537921498,0.8658061806233852,-0.48615247632352504,-1.2479014349450503,1.2102997638607909,-0.6188463308903877,-1.2596564719342187,1.29440353670594,-0.21364864223512406,-1.282825677390057,-0.02401010581931923,0.8980690546576066,-0.2077062418729689,1.1810524803873739,-0.1902122039298547,0.9302750535893596,-0.8356846456052374,-0.3537481855392349,0.44072377041353267,-0.28150506674816367,-0.4768393166144105,-0.24712740220268697,-0.11917093531242437,2.1470715015595934,0.1918014188987657,-0.18669654612687836,0.1660107082635059,-0.4136242850599455,0.23910754014063407,-0.15385208504788542,-0.6025160505857077,-0.20478633477360517,0.3262422063383903,0.2288107594929629,0.03257617634432754,0.13186175818007265,-0.5197197112850845,-0.5180208378996478,-0.599701769815702,0.10008470462401406,0.475261998873029,0.21100873651570967,-0.16452096986490258,1.3511512693053915,-0.02051516104717017,-0.7664589468935892,0.8789768413020076,0.7478998488111308,-0.40849572438374737,1.3692846708251454,1.322269033130932,2.05837936498221,-0.19931607973773183,-0.032834559685615765,-0.1879044329665669,-0.10552609357352845,-0.13548854020394835,1.326189575376579,-0.7734871888499238,1.3398370518016394,1.3684374464591602,1.3779974842806084,-0.5931442865800403,-0.7450162304925078,1.3163961322491806,-0.6241048362943007,-0.7458590443463046,-0.31202129753648256,1.3775501790676736,1.3543786788474639,1.3829905475885778,1.4002259100156491,1.4760642571126914,-0.09181198433291365,-0.1320575161214907,-0.015474919183204585,0.9110766712081195
63,0.6772905208854463,0.8946419591882117,0.6772347677627467,0.6772876805848719,1.6169131031660502,0.677285675117633,1.6169127844960522,0.7498164130562222,0.6772854332395168,0.6772869728544599,0.6772853179994972,0.6772874405621723,0.677283940537222,0.6772932683967724,0.6772906781692135,0.6772892520525039,0.6773027990316941,0.6772864922223647,0.6772714796691013,0.6772826921052992,0.6772807065378116,0.6772979398820091,0.6772861215968214,0.9664672688978727,0.6772857138411523,0.6772768831486353,0.6772856023537586,0.6772850852854325,0.6772812758591268,0.6772861956898197,0.677285841505422,0.6772837661427766,0.6772830881812044,0.6875753394064539,0.6772853868870191,0.6772850851189878,1.0953431033997876,-0.8896290184123908,-0.22370663939027127,-1.1483588771051534,-1.9969687507252423,0.7376354002095706,0.8928916363917431,-0.9057805681501034,0.6256333278663793,0.03858034060929771,-0.8228561099869373,1.1828168092752207,-0.1915048514500139,-0.5775943330347579,0.917775569618449,-0.05825120844811113,-0.7130463124792733,-0.3627224195600124,0.9037830289977935,-0.7448786680802609,-0.039119832734403746,-0.11218024607464397,0.14945634073787017,-0.6149671728026662,-0.12314589359678481,-0.4686986974774239,-0.26638346632001053,-0.2628117619064785,-0.2233831516979967,0.13833364620028799,1.8822705582384063,-0.5465981254310246,-0.15593393165189967,0.10234446369612542,-0.37264644351074466,0.0817390147682055,0.23215189787553167,-0.39738556982080925,-0.52686778581878,-0.2426150873473705,-0.23829042683342858,0.20855867466293265,-0.6902944771130801,-0.26490464426791277,-0.3542193421349605,-0.2522010987452962,-0.7709690945673334,0.6671473641132688,1.3515515318756945,-0.16452096986490258,0.08368912908209235,-0.44445601725314415,-0.7664589468935892,0.8789768413020076,0.7478998488111308,-0.40849572438374737,-0.3192945677801988,-0.7715712291468905,2.05837936498221,-0.19931607973773183,-0.032834559685615765,-0.1879044329665669,-0.10552609357352845,-0.13548854020394835,0.7104408682347392,-0.7734871888499238,1.3398370518016394,1.3684374464591602,-0.3157155657296084,-0.5931442865800403,-0.7450162304925078,-0.7728051558481285,-0.6241048362943007,-0.7458590443463046,-0.31202129753648256,1.3775501790676736,-0.7504278074146985,-0.7374676699015743,-0.7259014145870262,1.4760642571126914,-0.09181198433291365,-0.1320575161214907,-0.015474919183204585,0.9110766712081195
70,0.44035267495653063,0.7466916064017423,0.44037807195950096,0.4403486608889956,1.8456038291775587,0.44034643335605206,1.8456049692345566,0.541706699182501,0.4403476922349789,0.44034676910889126,0.4403479733710716,0.4403443524035987,0.4403419136435941,0.4403424282062101,0.4403479059794934,0.4403509290322329,0.44035076697771003,0.4403459727888379,0.4403401438535891,0.44034616572338936,0.440348841252716,0.4403370948710799,0.4403560442621026,0.7589448677271889,0.44034539021169705,0.44035451374483925,0.4403475174304076,0.4403480860441125,0.4403405757946273,0.4403498721358442,0.4403480529616133,0.4403489440869316,0.4403413735798552,0.45468585793160377,0.4403477256515125,0.440348635994753,1.0226552094467225,-0.8476489911456312,-0.2791448994102883,-1.0981386143532041,2.3018707973445562,-0.7917438217515399,0.8874162377339004,-0.8191122676560525,0.5195166273243353,-0.16539657407705513,-0.5973804532889317,0.9663926338805707,-0.8042492957190533,-0.6819726731291382,0.9812086841976947,-0.0075755578291453705,-0.5420607050239163,-0.1543097029711351,0.8774179306738896,1.4775815741432305,0.15117088983590554,-0.7015834593614623,0.33844608587642766,-0.918214860464844,-0.8128999625819034,-0.39768206704312653,-0.39532289894739164,-0.7905449174545094,-0.877535022714968,-0.4753063581088114,2.285049672787895,-0.6967582079175829,-0.7848393195324097,0.5720083868413632,-0.9761362428823742,-0.607247374884429,-0.25487743886281844,-1.0403632622385022,-0.3726927851157789,-0.6908029632262496,-0.6280912183599309,-0.28947974811230776,-0.7294955394164223,-0.497404707576047,-0.6690116420861044,-0.8778555317932266,-0.8708703245425472,1.1986280134873017,0.3206451103481853,-0.16452096986490258,1.3511512693053915,1.4114655460462024,1.37474376921105,0.8789768413020076,0.7478998488111308,-0.40849572438374737,1.3692846708251454,1.322269033130932,2.05837936498221,-0.19931607973773183,-0.032834559685615765,5.801276159433074,-0.10552609357352845,-0.13548854020394835,1.326189575376579,1.3619507719429638,1.3398370518016394,1.3684374464591602,1.3779974842806084,1.724019562933732,1.3802220788739974,1.3163961322491806,1.6086140686206751,1.3716647274333336,-0.31202129753648256,1.3775501790676736,1.3543786788474639,1.3829905475885778,1.4002259100156491,1.4760642571126914,-0.09181198433291365,-0.1320575161214907,-0.015474919183204585,0.9110766712081195
79,0.7560688231562707,0.576016678286668,0.7559477505094825,0.7560660330811408,-0.2296128362536148,0.7560623742500091,-0.22961378573184826,0.6981927152794766,0.7560624871897212,0.7560609320780877,0.7560634304608734,0.7560640438056764,0.7560637978187862,0.756066818992039,0.7560678426366252,0.7560711827347673,0.7560753180296613,0.756060130918885,0.7560747152800149,0.7560579421214924,0.7560880294961009,0.7560502071330952,0.7560765482576597,1.1532657220307212,0.7560624077193605,0.7560567665325859,0.7560626896523392,0.7560641258507655,0.7560755639912291,0.7560629406498361,0.756063288691089,0.7560622930421451,0.7560608854620126,0.7479707010863211,0.756062672819986,0.7560643332137933,-0.3040047778338907,-0.6315073890976848,-0.25295244826133423,-1.152514279841661,-0.903685059686053,-0.9329304687362991,0.91509222299886,-0.536129776791372,1.567921590293686,-0.07952348463063397,-0.8379052339043894,0.5470553888090155,-0.9092280685337949,-0.950671765641034,0.8518005451167444,0.7602962792786498,-0.8578744284311999,0.3631539319391603,0.9384856704563906,-0.810173818911199,2.7013455889699873,-0.7824888483308783,0.6547805203208134,-0.6424699149297608,-0.39151507854641315,0.8995415521844045,0.5442334350933099,0.03905632803684875,-0.8270064295998438,-0.43035629721909113,-0.6242540431501633,0.8532139191700355,0.9145393946123593,0.4535949367112396,-0.9386340969986974,0.18239614074205474,1.48054371617759,-0.8075510930677149,-0.05642319967224864,-0.29262877443924146,3.012411896373391,-0.5460264366051414,0.5814610936742795,-0.48596888734962845,-0.7007137736280982,-0.9147739090057421,-0.37650178841813203,2.217152429847926,0.700410399495664,-0.16452096986490258,-0.7543209482909876,-0.7495576004505492,1.0212144875054179,0.8763673590468943,0.7478998488111308,-0.40849572438374737,-0.7414393774315349,-0.7715712291468905,2.05837936498221,-0.19931607973773183,-0.032834559685615765,-0.1879044329665669,-0.10552609357352845,-0.13548854020394835,-0.7747833607967989,-0.7734871888499238,-0.7821786983045267,-0.748962143077569,-0.7391438282321626,-0.5931442865800403,-0.7450162304925078,-0.7728051558481285,-0.6241048362943007,-0.7458590443463046,-0.31202129753648256,-0.7381155026357609,-0.7504278074146985,-0.7374676699015743,-0.7259014145870262,1.4760642571126914,-0.09181198433291365,-0.1320575161214907,-0.015474919183204585,0.9110766712081195
81,1.3484995721380486,1.3651743424628515,1.3485679883929584,1.348506499583457,1.2164470519037098,1.3485090167129195,1.216447013384509,1.3562468273460295,1.3485078807401543,1.3485073211181453,1.3485080349456469,1.348510788490056,1.3485074613835837,1.348515941000416,1.34850812930922,1.3485034010524095,1.3485286068254005,1.3485059452670363,1.3484962028514293,1.3485109854543158,1.3485310030222228,1.3485026084645377,1.3485193831422875,1.5194005923988343,1.3485075269194722,1.34851306920387,1.3485078699161297,1.3485090420715582,1.348497043611003,1.3485072280888613,1.3485083860162939,1.3485035640700596,1.3485119505861234,1.3497340806110503,1.3485079062134047,1.348508544274943,-0.9644651088167178,-0.17120612495006102,-0.33801191993429547,-0.10908713100075486,-1.9756223781713365,-0.7392617882876467,0.13318368875787145,-1.1414794209244417,1.5647200026831267,0.44809138046469443,-1.382775397828558,-0.7636773718638267,-0.7733263876093279,-1.3859462662215518,1.020472980475964,0.3670957720152616,-1.4022920661520204,-0.41991575292463174,0.9666816689336621,-0.8147949322094109,2.5874851687301756,-0.3649396507627448,1.3423841088770085,-0.1670780734607757,-0.006961511938926007,1.4868037170858515,0.36282066296079907,0.3703133805768492,-0.28220774208589533,0.43531878826180287,-0.9150838536857715,1.5255580040525998,1.4203672347112264,-0.6388609502046719,-0.45114855026555756,0.08131582197240715,1.3325564356718949,-0.0816637797131676,0.11461410278007012,1.1162618634228942,3.4336233073127915,-0.595677124518411,1.958719057503967,-0.7917067889503144,0.10633534697631909,-0.975609369622272,-0.01266311546604789,3.0176414916708705,0.689350116557507,-0.16452096986490258,-0.7543209482909876,-0.7495576004505492,1.37474376921105,0.09173479284076819,0.7478998488111308,-0.40849572438374737,-0.7414393774315349,-0.7715712291468905,-0.49860837223741494,-0.19931607973773183,-0.032834559685615765,-0.1879044329665669,-0.10552609357352845,-0.13548854020394835,-0.7747833607967989,0.18558588145405663,-0.7821786983045267,-0.748962143077569,-0.7391438282321626,-0.5931442865800403,-0.7450162304925078,-0.7728051558481285,-0.6241048362943007,1.3716647274333336,-0.31202129753648256,-0.7381155026357609,-0.7504278074146985,-0.7374676699015743,-0.7259014145870262,0.2780667514267627,-0.09181198433291365,-0.1320575161214907,-0.015474919183204585,0.9110766712081195
84,1.1388318011041076,1.2940865238760753,1.1387464507975578,1.1388386964682629,1.7067898424419912,1.1388379432659783,1.706791776224612,1.1917400281742523,1.1388392351904797,1.138839993413585,1.1388395234494713,1.1388421044010557,1.1388353850874189,1.1388432560445585,1.1388395052011915,1.1388461916027754,1.1388590023549747,1.1388384747196385,1.1388386109920365,1.1388359393162848,1.1388502681058823,1.138848584090479,1.138852734517758,1.347172560070744,1.1388394728044728,1.138846922874931,1.1388394063277472,1.1388396473495708,1.138834507721085,1.1388399673114369,1.1388393885766201,1.1388385661200486,1.1388341559984203,1.1464041793530166,1.1388393141904805,1.138838937425004,-0.9263766763235828,0.49730225657227783,-0.23512403088691025,1.304803246703569,-1.2211635760563542,-0.011324003391587114,-1.1569775111834988,-0.16762228827440126,-0.5213121428583768,2.248516474671895,-1.1019547956654345,-0.6868053942201422,-1.0167290399264393,-0.8906447358560111,-0.9307396978633572,1.0545655137596432,-1.1235287313721998,-0.6126895751115995,-1.1473474835611641,-0.8152393288335317,1.0840284258336634,-0.08581261776793771,1.3672134124486248,-0.2387704232778651,0.756448079998506,2.8096031418201037,0.23463717435512693,0.6794510061622702,0.32849068455346797,0.9007098489641481,-0.6742455830674403,2.114743764034603,2.0463738735008734,-0.3426565577992684,0.05741633464034631,1.612515282506341,0.471139496501881,0.4732198588170351,0.18983951211960015,1.3944118445781528,3.6001334300930274,-0.36532916557874195,2.8083641736779765,-0.6048336183119308,1.3397463861664156,-0.7053313461714716,0.3890746807928189,3.509551621123671,1.2169121465442243,-0.16452096986490258,-0.7543209482909876,-0.7495576004505492,1.37474376921105,-1.1810529306195394,-1.3439674642266355,-0.40849572438374737,-0.7414393774315349,-0.7715712291468905,-0.49860837223741494,-0.19931607973773183,-0.032834559685615765,-0.1879044329665669,-0.10552609357352845,-0.13548854020394835,-0.7747833607967989,1.3619507719429638,-0.7821786983045267,-0.748962143077569,-0.7391438282321626,-0.5931442865800403,1.3802220788739974,-0.7728051558481285,-0.6241048362943007,1.3716647274333336,-0.31202129753648256,-0.7381155026357609,-0.7504278074146985,-0.7374676699015743,-0.7259014145870262,-0.6929853665398619,-0.09181198433291365,-0.1320575161214907,-0.015474919183204585,-1.138545311828644
87,0.7304180704597353,0.9031970934295687,0.7303480874277176,0.730413125491192,1.447137216826046,0.7304102301022418,1.447139684425397,0.7883861518018292,0.7304093825214358,0.7304082268909997,0.7304100337100203,0.730411860094205,0.7304063004405345,0.7304091482267239,0.7304052477219453,0.7304195293412005,0.7304034809832359,0.7304043517780238,0.7304031174852539,0.7304053361215138,0.7304232435147172,0.7304029170321669,0.730401280443209,0.9834778815364382,0.7304100533184565,0.7304171194469967,0.7304089246259482,0.7304108259452581,0.730415123254403,0.7304101143370918,0.7304095866160069,0.7304078152050009,0.7304145509664172,0.7386578811813727,0.7304095316992285,0.730411218554103,-0.9933692978228665,-0.044713463284077826,-0.2570675662412538,1.208190907107592,-1.9566004963427905,-0.47158677574615304,-1.1629573536771263,-0.6285902858049276,0.0998129868371446,2.8104638235767965,-0.8566258462971947,-0.6577391100703752,-0.5169949338871386,-0.738079480357024,1.1288984530602106,0.6746030844173792,-0.7705146420650437,-0.257732014870826,-1.175596339842242,-0.8144441215738673,0.783420865131876,-0.3021919377627789,1.9881079981987504,-0.09641663595309144,0.22889589579509156,3.033560770504689,0.053455264949092446,0.3302387230113154,-0.25527212515997305,0.1636469434431438,-0.7187587609159639,2.27745857214196,1.1233856773628426,-0.2844021610478874,-0.35511816339002955,1.3290293845194772,1.0086236273480658,0.19451832534669508,-0.17474748131791046,0.6883224774762097,2.81160541526184,-0.5291131454616504,0.7255022268986102,-0.6287822690961467,1.901727338571855,-0.6560335200606763,-0.6473733254025965,3.545490310474785,0.5622088283266237,-0.16452096986490258,-0.7543209482909876,-0.7495576004505492,1.37474376921105,-1.1810529306195394,-1.3439674642266355,-0.40849572438374737,-0.7414393774315349,-0.7715712291468905,-0.49860837223741494,-0.19931607973773183,-0.032834559685615765,-0.1879044329665669,-0.10552609357352845,-0.13548854020394835,-0.7747833607967989,0.38873205850455156,-0.7821786983045267,-0.748962143077569,-0.7391438282321626,-0.5931442865800403,-0.7450162304925078,-0.7728051558481285,-0.6241048362943007,1.3716647274333336,-0.31202129753648256,-0.7381155026357609,-0.7504278074146985,-0.7374676699015743,-0.7259014145870262,-0.6929853665398619,-0.09181198433291365,-0.1320575161214907,-0.015474919183204585,-1.138545311828644
91,1.534342634656671,1.7276179515568455,1.5342253580326746,1.534341024835125,2.2231008358932076,1.5343410462968758,2.2231002441195984,1.6003962342974674,1.5343414944862948,1.5343417007541515,1.5343410718997863,1.5343407465849772,1.5343471247144524,1.5343494988732722,1.534336880705259,1.53433592761004,1.5343321878819431,1.5343449414506938,1.5343451575688025,1.5343359606248885,1.5343599169713167,1.5343197396859691,1.5343342079437714,1.7108672386050512,1.5343428573090656,1.5343441183887265,1.5343418683450845,1.5343394006836357,1.5343399964691267,1.534339928575324,1.5343417135340087,1.534337862228222,1.5343407279205117,1.5438028998524966,1.5343414458167006,1.5343409756482098,1.0192779517679886,-1.0500160608986326,-0.3730600305801405,0.7903668162644736,1.474486409812553,-1.0351626558837543,0.9092458560516725,-0.8473120215453539,1.565282994728413,1.5950042690852284,-1.5999257631249446,1.0214426536931025,-1.013857055671921,-1.7225102836078499,1.1157881391454612,-0.3065008759260652,-1.655235690249332,-0.9195662880524342,1.0092911665172044,1.3055649502891333,1.2421151909862957,-0.9318020535300673,1.1115790562681853,0.10945879678350699,-0.3109023125644787,2.3185528622753453,0.2325757250707266,-0.5422750455424883,-0.8782673358276054,-0.34345284322390457,-0.736688974007389,1.620906430857864,-0.16828328738915033,-0.595041494173896,-0.989068018435262,0.7706357621137857,0.6609533781492987,-0.5678305542862611,0.16628330371785216,-0.18939843670790463,2.1259104130658457,-1.0203395013786198,0.013501436854162243,-1.0034396917508472,-0.049008566827742454,-1.0435267552236913,-0.17732519819977807,3.274079515044456,-0.36318266812373706,-0.16452096986490258,1.3511512693053915,1.4114655460462024,-0.7664589468935892,0.8789768413020076,0.7478998488111308,-0.40849572438374737,1.3692846708251454,1.322269033130932,2.05837936498221,-0.19931607973773183,-0.032834559685615765,4.683062040800749,-0.10552609357352845,-0.13548854020394835,1.326189575376579,1.3619507719429638,1.3398370518016394,1.3684374464591602,1.3779974842806084,-0.5931442865800403,1.3802220788739974,1.3163961322491806,-0.6241048362943007,-0.7458590443463046,-0.31202129753648256,1.3775501790676736,1.3543786788474639,1.3829905475885778,1.4002259100156491,1.4760642571126914,-0.09181198433291365,-0.1320575161214907,-0.015474919183204585,0.9110766712081195
94,0.548416591454429,0.820907395945515,0.5485187047908818,0.5484114373228404,1.7737024377568051,0.5484122268121959,1.7737027786017352,0.638835331808682,0.548413996582974,0.5484129477566762,0.5484131018819527,0.5484132435767561,0.5484117178631747,0.5484107369314194,0.5484108814474163,0.5484137653206276,0.5484067502871895,0.5484089966772786,0.5484291209255822,0.548408885772077,0.5483902250639728,0.548407734923815,0.5484098059462827,0.8907152267527465,0.5484136998418025,0.5484207388878435,0.5484134618417518,0.5484138311593643,0.5484212365068033,0.5484159754521708,0.5484135753359064,0.5484121355993159,0.5484154419098091,0.5612141700665376,0.5484138778466235,0.5484128771152895,1.0230218423516229,-0.8917593736875639,-0.3319392186439499,-0.002749649310986313,0.35178594508259076,-0.9947848298118073,0.8817616593499091,-0.026125148556978242,1.2845177518704147,1.4768913386574427,-0.5412302495263323,1.0117104247535267,-0.9522884852230625,-0.713013301282966,1.1020156355384068,-0.5318406556191211,-0.651857079147908,-0.7696472686168534,0.8909771380792538,1.2104322603322413,-0.6766143911457198,-0.8331369390479715,0.7929228985786858,0.22496591863309795,-0.555183409979886,1.7598741304686214,-0.46210669428865553,-0.5456667092945032,-0.8760704281039698,-0.6348790858503699,-0.5102186227187914,0.9101116303493926,1.0709881780986579,-0.6133042598903944,-0.9011319511150204,-0.494777234089219,0.25458772706095184,-0.6521127028021362,-0.5321453676594636,-0.10755151771737849,1.9032514713864823,-0.9885197578693826,-0.11686490290815897,-1.0215464048558536,-0.5562426480587745,-1.0495259849885636,0.13326518770386125,2.9621644177073727,-0.37757245539584205,-0.16452096986490258,1.3511512693053915,1.4114655460462024,-0.7664589468935892,0.8789768413020076,0.7478998488111308,-0.40849572438374737,1.3692846708251454,1.322269033130932,2.05837936498221,-0.19931607973773183,-0.032834559685615765,1.832213766678505,-0.10552609357352845,-0.13548854020394835,1.326189575376579,1.3619507719429638,1.3398370518016394,-0.748962143077569,1.3779974842806084,-0.5931442865800403,1.3802220788739974,1.3163961322491806,-0.6241048362943007,-0.7458590443463046,-0.31202129753648256,-0.7381155026357609,1.3543786788474639,1.3829905475885778,1.4002259100156491,1.4760642571126914,-0.09181198433291365,-0.1320575161214907,-0.015474919183204585,0.9110766712081195
100,-1.0313700277771485,-0.999384557464738,-1.0314829306481468,-1.0313756049468044,-0.7149619301003928,-1.0313714335779234,-0.7149648534411875,-1.0225882388188896,-1.031372803579185,-1.0313710385016581,-1.031372423174632,-1.0313722039395612,-1.031367174578372,-1.031381566892281,-1.0313780169339,-1.0313725651390029,-1.0313873435450267,-1.0313694954061106,-1.0313615125981903,-1.031371548885101,-1.031382164130096,-1.031364757685128,-1.0313691295098228,-0.4458025961924617,-1.0313696810681827,-1.0313687479261266,-1.03137253767556,-1.0313710000177523,-1.0313693758125926,-1.0313713995660334,-1.0313734972850856,-1.0313704612069476,-1.0313711119843316,-1.030243275912369,-1.031372917129828,-1.0313709485249707,1.031592125283767,-0.6058361519555884,-0.28152211587799003,-0.6287240345633737,-0.46989775197344386,-0.8898811430412313,-1.1814313850411677,0.7190835839704588,1.0881945078168342,-0.08741320216987628,0.9844527930217045,1.193172943130404,-0.8700754170264933,1.009774494755296,1.155129308253208,-0.3801213789590018,0.9547304636978009,-0.6487219387713115,-0.5098818145071038,-0.8036123656940006,0.46887719518290266,-0.854843268133596,0.7389428945264651,0.014335294657066738,-0.4391498889980865,0.6866663139810107,-0.34949088276759993,-0.8638048791528353,-0.883393432773237,-0.8446460513777012,-0.4361956268534461,0.32809905329569505,0.009723400301660214,0.18495549728273777,-0.9716101209022474,-0.46405850627060724,0.4520123340242199,-0.9236117598162757,-0.4524190763876212,-0.1392579858993698,0.5466266146260805,-0.5171897931014234,-0.38124419402267046,-0.7966419651913416,-0.7899326194930518,-0.8880080867909577,-0.3982606259118806,2.2683560002307934,0.54274836959127,-0.16452096986490258,1.3511512693053915,1.4114655460462024,-0.7664589468935892,-1.1810529306195394,0.7478998488111308,-0.40849572438374737,1.3692846708251454,1.322269033130932,-0.49860837223741494,-0.19931607973773183,-0.032834559685615765,-0.1879044329665669,-0.10552609357352845,-0.13548854020394835,1.326189575376579,-0.7734871888499238,1.3398370518016394,1.3684374464591602,1.3779974842806084,-0.5931442865800403,-0.7450162304925078,-0.7728051558481285,-0.6241048362943007,-0.7458590443463046,-0.31202129753648256,1.3775501790676736,-0.7504278074146985,-0.7374676699015743,-0.7259014145870262,1.4760642571126914,-0.09181198433291365,-0.1320575161214907,-0.015474919183204585,-0.4898635606689498
101,-0.6643523741843377,-0.7024144601116293,-0.6642354275592751,-0.6643524175747613,-0.742924671338589,-0.66435120438843,-0.7429265379233884,-0.6779637203968621,-0.6643517992878716,-0.664351465158288,-0.6643523977021061,-0.6643547395062417,-0.6643480149128221,-0.6643598399588151,-0.6643551187669524,-0.6643490046493351,-0.6643679241740768,-0.6643542807459348,-0.6643582640083519,-0.6643545604870427,-0.6643700590806346,-0.6643570652212558,-0.6643569106592835,-0.10428183475665859,-0.6643479547587114,-0.664349606176751,-0.6643521738325505,-0.6643532374532992,-0.6643413979257474,-0.6643526784265527,-0.6643508574054466,-0.6643481565774458,-0.6643451055937366,-0.6663362151451284,-0.6643516877198397,-0.6643529869192635,1.0353292750959648,-0.6849951254297145,-0.2947075867958546,-0.710864197266884,-0.44185400976620154,-0.9063767776325214,-1.1692311829376212,0.3805757039809419,1.1449618845574105,-0.059576448719475074,0.563422237017618,1.2439568991885732,-0.8471448833880805,0.5732826471710235,1.195555597775348,-0.2928204881135114,0.5810653514892008,-0.6939106981275661,-0.08416153331682125,-0.8052934135913313,0.7603508317994446,-0.863394243589913,1.1307332490155881,-0.39616795970253915,-0.5301445933984897,0.573197592199636,-0.5256167731792316,-0.7430616095170484,-0.8855903404968725,-0.7914551402919355,-0.3469679105790725,0.23836692280459215,-0.027233003978388525,0.30219069001616106,-0.9858350772301214,-0.28172804868028106,0.527143365248431,-0.9726612052941318,-0.5341220547409118,-0.204882983220181,0.7267618101664144,-0.45255593739103595,-0.3830674998176051,-0.8547740490888129,-0.7650238152476949,-0.937847896870713,-0.6761909935201009,2.186003587717309,0.700410399495664,-0.16452096986490258,1.3511512693053915,1.4114655460462024,-0.7664589468935892,-1.1810529306195394,0.7478998488111308,-0.40849572438374737,1.3692846708251454,1.322269033130932,-0.49860837223741494,-0.19931607973773183,-0.032834559685615765,-0.1879044329665669,-0.10552609357352845,-0.13548854020394835,1.326189575376579,-0.7734871888499238,1.3398370518016394,1.3684374464591602,1.3779974842806084,-0.5931442865800403,-0.7450162304925078,-0.7728051558481285,-0.6241048362943007,-0.7458590443463046,-0.31202129753648256,1.3775501790676736,-0.7504278074146985,-0.7374676699015743,-0.7259014145870262,1.4760642571126914,-0.09181198433291365,-0.1320575161214907,-0.015474919183204585,-0.07626933580021227
102,0.024031828470848143,-0.12828474813305504,0.02408448539621969,0.02404060879916569,-0.7129673917751306,0.02403925867800519,-0.7129668740138687,-0.02595659691242983,0.024040300630616036,0.02404112877449504,0.024039337314093034,0.024040404407417587,0.024045474828239675,0.024039968020345203,0.024044823381324288,0.02404854258148759,0.024037516015715583,0.02403553615273016,0.024042956392242833,0.02403505813025203,0.02404674988139125,0.02404637437013058,0.0240520168697327,0.5970788094180176,0.02403830133786009,0.024048601718031436,0.024040028528260836,0.02403794664601765,0.024027816623028733,0.024040866400439374,0.024040675401703224,0.024041208947682982,0.02404122371632227,0.01700056836183036,0.024040237180006772,0.024038630888385575,1.0322027602491566,-0.6420166993176684,-0.32088117055752674,-0.9581740112896532,-0.29620488552283236,-0.943676250067512,-0.14266966108902177,-0.24173908288307527,1.058466681087324,-0.0064885786709393545,-0.13248033244122545,1.147702965190819,-0.9203412672828641,-0.09806972183888313,1.2267836005434458,-0.04783760462898123,-0.11966092256364058,-0.47893644549596964,0.931091079082901,-0.8044718298596232,2.451314568703262,-0.8791806578816925,0.973436678010313,-0.3253915396888499,-0.5448014599406595,0.6751131353792487,-0.45097606212427377,-0.8197132349673891,-0.8885195297188685,-0.7382642347219086,-0.32095983345357787,0.27201647074226915,-0.17752238626339784,0.8636235469290464,-1.01751793109101,-0.3129422293010526,0.4536575402182365,-0.9712795307282976,-0.47482150492596703,-0.3162242817863754,1.1307371749740383,-0.5390658679021901,-0.2928138752560935,-0.7971184565740308,-0.6984493390095081,-0.9973787794937493,-0.6320039107632234,2.2901175161516383,0.6653743913759331,-0.16452096986490258,1.3511512693053915,1.4114655460462024,-0.7664589468935892,-0.17139190675128405,0.7478998488111308,-0.40849572438374737,1.3692846708251454,1.322269033130932,0.9387439926426348,-0.19931607973773183,-0.032834559685615765,-0.1879044329665669,-0.10552609357352845,-0.13548854020394835,1.326189575376579,-0.7734871888499238,1.3398370518016394,1.3684374464591602,1.3779974842806084,-0.5931442865800403,-0.7450162304925078,-0.7728051558481285,-0.6241048362943007,-0.7458590443463046,-0.31202129753648256,1.3775501790676736,1.3543786788474639,-0.7374676699015743,-0.7259014145870262,1.4760642571126914,-0.09181198433291365,-0.1320575161214907,-0.015474919183204585,0.9110766712081195
107,1.078038311335085,1.2051131277659608,1.077977157126825,1.078039834290093,1.5200432282877776,1.07803816928926,1.5200421182094104,1.1215895775457558,1.0780394961320112,1.078040538373679,1.0780403723678238,1.0780418129306806,1.0780405829432342,1.0780390776765083,1.078033937085897,1.0780377004494024,1.0780470081347353,1.0780438347497483,1.0780315752865932,1.078041348674061,1.078059284975584,1.0780494199100437,1.07803205428834,1.4648676096781128,1.0780371795012933,1.0780373493251632,1.0780390127660417,1.078037424930948,1.0780304198881707,1.078038925461081,1.078039319798107,1.0780372799528695,1.078043356657649,1.0842842213944557,1.078039397876887,1.0780406591882659,-1.073405185128959,0.49262067814040256,-0.23232872979995658,-0.6482412332275495,-1.8573405179063076,0.058817401321293566,-1.1327870090142254,0.6500372265579367,-0.5851655944224214,-0.918089186561559,-1.0331355987940196,-1.4243048171134882,-1.0139570552554447,-1.4559580198164606,-1.0862512922808352,1.3972482358735674,-1.1933983346156367,0.007044502301098272,-1.0749968721127743,-0.8149184821329272,3.3727863495345014,-0.9719258638595617,2.925652183538723,0.3553875485146307,-0.9777897053709361,1.5035671900198415,0.00044568628601141034,0.48012240400405304,-0.9009685997194902,1.214361225974348,0.21023525002573523,1.6508962877380022,-1.0158168528700091,2.480440065807365,-1.0369155890541792,2.5171560278402563,1.4130107790978914,0.16333666248684767,0.06945857931958013,0.15240628485891528,3.7804528530655435,0.3164527342281432,1.9944281372887913,-1.0425120730174646,0.4762219351893235,-0.21184463847558996,0.42952222776442417,3.2164331962698265,2.441094193212777,-0.16452096986490258,-0.7543209482909876,-0.7495576004505492,1.37474376921105,-1.1810529306195394,-1.3439674642266355,-0.40849572438374737,-0.7414393774315349,-0.7715712291468905,-0.49860837223741494,-0.19931607973773183,-0.032834559685615765,-0.1879044329665669,-0.10552609357352845,-0.13548854020394835,-0.7747833607967989,1.3619507719429638,-0.7821786983045267,-0.748962143077569,-0.7391438282321626,-0.5931442865800403,-0.7450162304925078,-0.7728051558481285,-0.6241048362943007,-0.13464406596482195,-0.31202129753648256,-0.7381155026357609,-0.7504278074146985,-0.7374676699015743,-0.7259014145870262,-0.6929853665398619,-0.09181198433291365,-0.1320575161214907,-0.015474919183204585,-1.138545311828644
111,0.408638077431802,0.6055853610083579,0.4085579299980545,0.4086329019127112,1.2923473211461183,0.40863509438304574,1.292347669747033,0.4740145198767067,0.40863478857672314,0.4086360337723598,0.40863557763048985,0.408631922720189,0.40864214650982833,0.4086349487551786,0.4086392081485787,0.40862583316049744,0.4086270139735724,0.4086306829790139,0.40863255354395034,0.4086304873413032,0.4086219535053101,0.4086551482758153,0.4086222367342781,0.903977138892999,0.4086349970984697,0.40864330800188403,0.4086348758547806,0.4086326089936349,0.4086276180579187,0.40863615908382267,0.4086348074403571,0.4086325754135224,0.40863946252950517,0.41790021930705934,0.4086347411211958,0.408633139215331,-1.0693758676712561,2.838710600467884,-0.2277739550337549,-0.8198426115199038,-1.569332733043217,-0.33962583653897116,-1.146833949507629,-0.8972797635593917,-2.1188863622652656,-0.8874521345573536,-0.3648738243411477,-1.4084043532770856,-0.9834368417788965,-0.7697642325436371,-1.2488686577333383,2.539251273207312,-0.5123048497018604,-0.9296880569643924,-1.0901350859950902,-0.813885752539681,2.953156974141706,-0.9719258638595617,2.806347644990616,1.0336846023550064,-0.9777897053709361,0.2984141607060995,-0.2490727134792071,0.17250287227389643,-0.9009685997194902,0.7335774702815021,0.2616802093168177,-0.9306433477442606,-1.0158168528700091,5.1058692502433,-1.0369155890541792,-0.8282239522969825,1.6445422657529074,-0.3420139729512129,-0.0674184788971369,-0.10215210596095771,3.6320339114576963,-0.03132454863145865,1.5909342536529154,-1.0425120730174646,2.03176172651191,-0.27196807663988876,0.3356292330098516,3.1909582740957516,1.9377597963881463,-0.16452096986490258,-0.7543209482909876,-0.7495576004505492,0.9150678720478704,-1.1810529306195394,-1.3439674642266355,-0.40849572438374737,-0.7414393774315349,-0.7715712291468905,-0.49860837223741494,-0.19931607973773183,-0.032834559685615765,-0.1879044329665669,-0.10552609357352845,-0.13548854020394835,-0.7747833607967989,-0.7734871888499238,-0.7821786983045267,-0.748962143077569,-0.7391438282321626,-0.5931442865800403,-0.7450162304925078,-0.7728051558481285,-0.6241048362943007,-0.7458590443463046,-0.31202129753648256,-0.7381155026357609,-0.7504278074146985,-0.7374676699015743,-0.7259014145870262,-0.6929853665398619,-0.09181198433291365,-0.1320575161214907,-0.015474919183204585,-1.138545311828644
120,-0.7118122960640929,-0.49861512160580074,-0.711846015907605,-0.7118176525661247,0.426506962803016,-0.7118214663900551,0.4265056114492076,-0.6429826989106736,-0.7118201137361678,-0.711821688486948,-0.7118208609587591,-0.7118211709600123,-0.7118179289158153,-0.7118220295289003,-0.7118236951552588,-0.7118255488994111,-0.7118071363587265,-0.7118221979447441,-0.7118265014401746,-0.7118163506821243,-0.7118470803883606,-0.711829696310033,-0.7118252752097101,-0.04897081985704226,-0.7118247819565781,-0.7118130291174515,-0.7118199990247229,-0.7118215963849148,-0.7118132132888755,-0.7118197694504994,-0.7118192541252961,-0.7118184936992566,-0.711821931824396,-0.702190571779179,-0.7118200842106635,-0.7118211613714766,-1.0626314698704098,4.716622519972423,-0.28614252387979244,-0.8438470784961783,-0.9404552170034604,-0.7687517877797856,-1.1436268775565757,0.1288783958114051,-2.099811179383029,-0.8361727151100544,0.5567880506430866,-1.381790124374946,-0.9323490696854801,0.3787929037591507,-1.5663404881023688,5.035245253825877,0.6277148207483689,-0.7886463276380989,-0.7898408206740473,-0.8114943842526169,3.2124772677461912,-0.9719258638595617,3.554029157955194,0.7509762948422946,-0.9777897053709361,-0.9724527260792704,-0.45032131836314154,-0.22752853943617138,-0.9009685997194902,0.37649734484146313,-0.8499241496516878,-0.9306433477442606,-1.0158168528700091,4.117931251130861,-1.0369155890541792,-0.8282239522969825,2.504679847269145,-1.111519500769702,-0.23761931506046316,-0.8036189844578265,2.8842501099015023,0.2042234727672652,3.626381255129506,-1.0425120730174646,3.5242742776527822,-1.038911955964978,-1.0085547295965909,3.4387843520064187,2.703719222917502,-0.16452096986490258,-0.7543209482909876,-0.7495576004505492,1.37474376921105,-1.1810529306195394,-1.3439674642266355,-0.40849572438374737,-0.7414393774315349,-0.7715712291468905,-0.49860837223741494,-0.19931607973773183,-0.032834559685615765,-0.1879044329665669,-0.10552609357352845,-0.13548854020394835,-0.7747833607967989,-0.7734871888499238,-0.7821786983045267,-0.748962143077569,-0.7391438282321626,-0.5931442865800403,-0.7450162304925078,-0.7728051558481285,-0.6241048362943007,1.3716647274333336,-0.31202129753648256,-0.7381155026357609,-0.7504278074146985,-0.7374676699015743,-0.7259014145870262,-0.6929853665398619,-0.09181198433291365,-0.1320575161214907,-0.015474919183204585,-1.138545311828644
125,-1.4486900305129318,-1.3480062778000392,-1.4487335139621487,-1.44869026071508,-0.7359364363218227,-1.4486890712605343,-0.7359348633653056,-1.4180469372205904,-1.4486902726550108,-1.4486902639837975,-1.4486912632497297,-1.4486916882574818,-1.4486913308301477,-1.448692328525765,-1.448692488071366,-1.4486871920027766,-1.4486767099840718,-1.4486881001951142,-1.448701958025072,-1.4486956513725473,-1.4487040483218734,-1.4487115430725852,-1.448702520445728,-0.4556340937257698,-1.44868644306074,-1.4486897192950323,-1.4486902290745305,-1.4486906894311402,-1.4486862391869357,-1.4486905530913177,-1.4486905168872417,-1.4486943012571458,-1.4486943501242393,-1.4445085480174762,-1.4486903041261152,-1.4486920114734128,-1.0581959996021046,-0.6597887666408194,-0.265674295153743,2.2171617950510405,-0.4143056648336519,-0.8391993692049206,-1.200515073881953,0.8037341597874963,-2.0872664021573786,-0.8024493591707826,1.3095428205813078,-1.3642872610478396,-0.898754129184791,1.134144685922898,-1.4412779871530559,4.528866126440101,1.377451801684601,-0.695893218006147,-1.2426732444692614,-0.8091110884411759,-0.9385243064301945,-0.9719258638595617,3.601044002949757,0.9734973712735834,-0.9777897053709361,-0.9724527260792704,-0.5531159828871066,0.3707611580396578,-0.9009685997194902,0.5975018228333555,-0.8975389402101154,-0.9306433477442606,-1.0158168528700091,3.9535663223603166,-1.0369155890541792,-0.8282239522969825,2.6862008057168127,-1.0942485703060287,-0.5980348650182938,-0.7719125162758353,-0.8613810768523027,0.6109195818248371,-0.8106326350032609,-1.0425120730174646,-0.8913794404274316,-1.0047624566219715,-1.0085547295965909,-0.8213529544829951,2.808201600601945,-0.16452096986490258,-0.7543209482909876,-0.7495576004505492,0.8043074405599437,-1.1810529306195394,-1.3439674642266355,-0.40849572438374737,-0.7414393774315349,-0.7715712291468905,-0.49860837223741494,-0.19931607973773183,-0.032834559685615765,-0.1879044329665669,-0.10552609357352845,-0.13548854020394835,-0.7747833607967989,-0.7734871888499238,-0.7821786983045267,-0.748962143077569,-0.7391438282321626,-0.5931442865800403,-0.7450162304925078,-0.7728051558481285,-0.6241048362943007,1.3716647274333336,-0.31202129753648256,-0.7381155026357609,-0.7504278074146985,-0.7374676699015743,-0.7259014145870262,-0.6929853665398619,-0.09181198433291365,-0.1320575161214907,-0.015474919183204585,-1.138545311828644
126,-1.3040707767268884,-1.2033710395320958,-1.3039877554157204,-1.3040645414379701,-0.61409807798603,-1.3040638663307653,-0.614098228299907,-1.2731793932509845,-1.3040634252084267,-1.3040645778062239,-1.3040629796161125,-1.3040634895017038,-1.304066680553016,-1.3040550869413587,-1.3040639269519492,-1.3040602568925606,-1.304065202059055,-1.3040684790126342,-1.3040616929463156,-1.3040608362425903,-1.3040634332877155,-1.304080942424998,-1.3040622373856308,-0.045009928764486416,-1.3040590902857483,-1.304062560441271,-1.3040629049459784,-1.30406167637072,-1.3040673422081912,-1.3040620273315489,-1.3040630995191327,-1.3040600176079253,-1.3040656141897824,-1.299832166197829,-1.3040633831252133,-1.304063160864211,-1.059066540368947,-0.6895845658096037,-0.26236179888457967,2.9396177504171557,-0.48828380370684166,-0.8464351104621377,-1.200621214891508,0.6712790855520249,-2.0897287200206742,-0.8090686862141477,1.3757780061807938,-1.367722622157534,-0.9053482360642562,0.9858901980134674,-1.4522170831478063,5.084984655703406,1.2302995596586495,-0.7140957563054111,-1.2446674789888164,-0.8094334401796084,-0.9385243064301945,-0.9719258638595617,3.6788216435701866,0.3812402668716986,-0.9777897053709361,-0.9724527260792704,-0.6729339687156971,0.1665829303130827,-0.9009685997194902,0.4199490718390564,-0.891537075367634,-0.9306433477442606,-1.0158168528700091,3.740893400155951,-1.0369155890541792,-0.8282239522969825,2.658232319007448,-1.0638517298576802,-0.663924362377124,-0.7763366750554851,-0.8613810768523027,0.6516886283857415,-0.8106326350032609,-1.0425120730174646,-0.8913794404274316,-1.0278364444869426,0.2815682637871073,-0.8213529544829951,2.6374010668233523,-0.16452096986490258,-0.7543209482909876,-0.7495576004505492,1.37474376921105,-1.1810529306195394,-1.3439674642266355,-0.40849572438374737,-0.7414393774315349,-0.7715712291468905,-0.49860837223741494,-0.19931607973773183,-0.032834559685615765,-0.1879044329665669,-0.10552609357352845,-0.13548854020394835,-0.7747833607967989,-0.7734871888499238,-0.7821786983045267,-0.748962143077569,-0.7391438282321626,-0.5931442865800403,-0.7450162304925078,-0.7728051558481285,-0.6241048362943007,1.3716647274333336,-0.31202129753648256,-0.7381155026357609,-0.7504278074146985,-0.7374676699015743,-0.7259014145870262,-0.6929853665398619,-0.09181198433291365,-0.1320575161214907,-0.015474919183204585,-1.138545311828644
